{"RandomForestClassifier": {"confusion_matrix_normalized": [[1.0, 0.0, 0.0], [0.041666666666666664, 0.9583333333333334, 0.0], [0.0, 0.0, 1.0]], "confusion_matrix": [[13, 0, 0], [1, 23, 0], [0, 0, 17]], "accuracy": 0.9814814814814815, "estimator_classes": [1, 2, 3]}, "GaussianNB": {"confusion_matrix_normalized": [[1.0, 0.0, 0.0], [0.0, 1.0, 0.0], [0.0, 0.0, 1.0]], "confusion_matrix": [[13, 0, 0], [0, 24, 0], [0, 0, 17]], "accuracy": 1.0, "estimator_classes": [1, 2, 3]}, "LogisticRegression": {"confusion_matrix_normalized": [[1.0, 0.0, 0.0], [0.0, 0.9583333333333334, 0.041666666666666664], [0.0, 0.058823529411764705, 0.9411764705882353]], "confusion_matrix": [[13, 0, 0], [0, 23, 1], [0, 1, 16]], "accuracy": 0.9629629629629629, "estimator_classes": [1, 2, 3]}, "AdaBoostClassifier": {"confusion_matrix_normalized": [[0.9230769230769231, 0.07692307692307693, 0.0], [0.0, 1.0, 0.0], [0.0, 0.17647058823529413, 0.8235294117647058]], "confusion_matrix": [[12, 1, 0], [0, 24, 0], [0, 3, 14]], "accuracy": 0.9259259259259259, "estimator_classes": [1, 2, 3]}, "GradientBoostingClassifier": {"confusion_matrix_normalized": [[1.0, 0.0, 0.0], [0.0, 0.9583333333333334, 0.041666666666666664], [0.0, 0.0, 1.0]], "confusion_matrix": [[13, 0, 0], [0, 23, 1], [0, 0, 17]], "accuracy": 0.9814814814814815, "estimator_classes": [1, 2, 3]}, "BaggingClassifier": {"confusion_matrix_normalized": [[1.0, 0.0, 0.0], [0.08333333333333333, 0.9166666666666666, 0.0], [0.0, 0.0, 1.0]], "confusion_matrix": [[13, 0, 0], [2, 22, 0], [0, 0, 17]], "accuracy": 0.9629629629629629, "estimator_classes": [1, 2, 3]}, "ExtraTreesClassifier": {"confusion_matrix_normalized": [[1.0, 0.0, 0.0], [0.08333333333333333, 0.9166666666666666, 0.0], [0.0, 0.0, 1.0]], "confusion_matrix": [[13, 0, 0], [2, 22, 0], [0, 0, 17]], "accuracy": 0.9629629629629629, "estimator_classes": [1, 2, 3]}, "KNeighborsClassifier": {"confusion_matrix_normalized": [[1.0, 0.0, 0.0], [0.125, 0.875, 0.0], [0.0, 0.058823529411764705, 0.9411764705882353]], "confusion_matrix": [[13, 0, 0], [3, 21, 0], [0, 1, 16]], "accuracy": 0.9259259259259259, "estimator_classes": [1, 2, 3]}, "DecisionTreeClassifier": {"confusion_matrix_normalized": [[0.9230769230769231, 0.07692307692307693, 0.0], [0.041666666666666664, 0.9583333333333334, 0.0], [0.0, 0.058823529411764705, 0.9411764705882353]], "confusion_matrix": [[12, 1, 0], [1, 23, 0], [0, 1, 16]], "accuracy": 0.9444444444444444, "estimator_classes": [1, 2, 3]}, "MLPClassifier": {"confusion_matrix_normalized": [[1.0, 0.0, 0.0], [0.0, 0.9583333333333334, 0.041666666666666664], [0.0, 0.058823529411764705, 0.9411764705882353]], "confusion_matrix": [[13, 0, 0], [0, 23, 1], [0, 1, 16]], "accuracy": 0.9629629629629629, "estimator_classes": [1, 2, 3]}, "SVC": {"confusion_matrix_normalized": [[1.0, 0.0, 0.0], [0.0, 1.0, 0.0], [0.0, 0.0, 1.0]], "confusion_matrix": [[13, 0, 0], [0, 24, 0], [0, 0, 17]], "accuracy": 1.0, "estimator_classes": [1, 2, 3]}, "LinearDiscriminantAnalysis": {"confusion_matrix_normalized": [[1.0, 0.0, 0.0], [0.0, 0.9583333333333334, 0.041666666666666664], [0.0, 0.0, 1.0]], "confusion_matrix": [[13, 0, 0], [0, 23, 1], [0, 0, 17]], "accuracy": 0.9814814814814815, "estimator_classes": [1, 2, 3]}, "XGBoostClassifier": {"confusion_matrix_normalized": [[1.0, 0.0, 0.0], [0.0, 1.0, 0.0], [0.0, 0.058823529411764705, 0.9411764705882353]], "confusion_matrix": [[13, 0, 0], [0, 24, 0], [0, 1, 16]], "accuracy": 0.9814814814814815, "estimator_classes": [1, 2, 3]}, "LGBMClassifier": {"confusion_matrix_normalized": [[1.0, 0.0, 0.0], [0.0, 1.0, 0.0], [0.0, 0.0, 1.0]], "confusion_matrix": [[13, 0, 0], [0, 24, 0], [0, 0, 17]], "accuracy": 1.0, "estimator_classes": [1, 2, 3]}, "VotingClassifier": {"confusion_matrix_normalized": [[1.0, 0.0, 0.0], [0.08333333333333333, 0.9166666666666666, 0.0], [0.0, 0.0, 1.0]], "confusion_matrix": [[13, 0, 0], [2, 22, 0], [0, 0, 17]], "accuracy": 0.9629629629629629, "estimator_classes": [1, 2, 3]}}