{"BaggingClassifier": {"confusion_matrix_normalized": [[1.0, 0.0, 0.0], [0.0, 0.875, 0.125], [0.0, 0.11764705882352941, 0.8823529411764706]], "confusion_matrix": [[12, 0, 0], [0, 14, 2], [0, 2, 15]], "accuracy": 0.9111111111111111, "estimator_classes": ["setosa", "versicolor", "virginica"]}, "LinearDiscriminantAnalysis": {"confusion_matrix_normalized": [[1.0, 0.0, 0.0], [0.0, 0.9375, 0.0625], [0.0, 0.0, 1.0]], "confusion_matrix": [[12, 0, 0], [0, 15, 1], [0, 0, 17]], "accuracy": 0.9777777777777777, "estimator_classes": ["setosa", "versicolor", "virginica"]}, "XGBoostClassifier": {"confusion_matrix_normalized": [[1.0, 0.0, 0.0], [0.0, 0.875, 0.125], [0.0, 0.11764705882352941, 0.8823529411764706]], "confusion_matrix": [[12, 0, 0], [0, 14, 2], [0, 2, 15]], "accuracy": 0.9111111111111111, "estimator_classes": ["setosa", "versicolor", "virginica"]}, "GradientBoostingClassifier": {"confusion_matrix_normalized": [[1.0, 0.0, 0.0], [0.0, 0.875, 0.125], [0.0, 0.23529411764705882, 0.7647058823529411]], "confusion_matrix": [[12, 0, 0], [0, 14, 2], [0, 4, 13]], "accuracy": 0.8666666666666667, "estimator_classes": ["setosa", "versicolor", "virginica"]}, "ExtraTreesClassifier": {"confusion_matrix_normalized": [[1.0, 0.0, 0.0], [0.0, 0.875, 0.125], [0.0, 0.11764705882352941, 0.8823529411764706]], "confusion_matrix": [[12, 0, 0], [0, 14, 2], [0, 2, 15]], "accuracy": 0.9111111111111111, "estimator_classes": ["setosa", "versicolor", "virginica"]}, "GaussianNB": {"confusion_matrix_normalized": [[1.0, 0.0, 0.0], [0.0, 0.8125, 0.1875], [0.0, 0.11764705882352941, 0.8823529411764706]], "confusion_matrix": [[12, 0, 0], [0, 13, 3], [0, 2, 15]], "accuracy": 0.8888888888888888, "estimator_classes": ["setosa", "versicolor", "virginica"]}, "DecisionTreeClassifier": {"confusion_matrix_normalized": [[1.0, 0.0, 0.0], [0.0, 1.0, 0.0], [0.0, 0.23529411764705882, 0.7647058823529411]], "confusion_matrix": [[12, 0, 0], [0, 16, 0], [0, 4, 13]], "accuracy": 0.9111111111111111, "estimator_classes": ["setosa", "versicolor", "virginica"]}, "SVC": {"confusion_matrix_normalized": [[1.0, 0.0, 0.0], [0.0, 0.875, 0.125], [0.0, 0.11764705882352941, 0.8823529411764706]], "confusion_matrix": [[12, 0, 0], [0, 14, 2], [0, 2, 15]], "accuracy": 0.9111111111111111, "estimator_classes": ["setosa", "versicolor", "virginica"]}, "KNeighborsClassifier": {"confusion_matrix_normalized": [[1.0, 0.0, 0.0], [0.0, 1.0, 0.0], [0.0, 0.23529411764705882, 0.7647058823529411]], "confusion_matrix": [[12, 0, 0], [0, 16, 0], [0, 4, 13]], "accuracy": 0.9111111111111111, "estimator_classes": ["setosa", "versicolor", "virginica"]}, "LogisticRegression": {"confusion_matrix_normalized": [[0.9166666666666666, 0.08333333333333333, 0.0], [0.0, 0.5625, 0.4375], [0.0, 0.17647058823529413, 0.8235294117647058]], "confusion_matrix": [[11, 1, 0], [0, 9, 7], [0, 3, 14]], "accuracy": 0.7555555555555555, "estimator_classes": ["setosa", "versicolor", "virginica"]}, "RandomForestClassifier": {"confusion_matrix_normalized": [[1.0, 0.0, 0.0], [0.0, 0.9375, 0.0625], [0.0, 0.17647058823529413, 0.8235294117647058]], "confusion_matrix": [[12, 0, 0], [0, 15, 1], [0, 3, 14]], "accuracy": 0.9111111111111111, "estimator_classes": ["setosa", "versicolor", "virginica"]}, "VotingClassifier": {"confusion_matrix_normalized": [[1.0, 0.0, 0.0], [0.0, 0.9375, 0.0625], [0.0, 0.23529411764705882, 0.7647058823529411]], "confusion_matrix": [[12, 0, 0], [0, 15, 1], [0, 4, 13]], "accuracy": 0.8888888888888888, "estimator_classes": ["setosa", "versicolor", "virginica"]}}